{
	"info": {
		"_postman_id": "471a1f2e-edee-4c15-acc2-5c7e68f7a32d",
		"name": "Keshri_MicroServices_Demo",
		"schema": "https://schema.getpostman.com/json/collection/v2.1.0/collection.json"
	},
	"item": [
		{
			"name": "GetUserById",
			"request": {
				"method": "GET",
				"header": [
					{
						"key": "Content-Type",
						"type": "text",
						"value": "application/json"
					}
				],
				"url": {
					"raw": "http://192.168.0.4:8080/userapi/getUserById/2016854883",
					"protocol": "http",
					"host": [
						"192",
						"168",
						"0",
						"4"
					],
					"port": "8080",
					"path": [
						"userapi",
						"getUserById",
						"2016854883"
					]
				}
			},
			"response": []
		},
		{
			"name": "AddUser UserService",
			"request": {
				"method": "POST",
				"header": [
					{
						"key": "Content-Type",
						"value": "application/json",
						"type": "text"
					}
				],
				"body": {
					"mode": "raw",
					"raw": "{\n    \"userName\": \"Satish Keshri\",\n    \"phoneNo\": \"12354322\",\n    \"address\": \"Hazaribag\"\n}"
				},
				"url": {
					"raw": "http://192.168.0.4:8080/userapi/addUser",
					"protocol": "http",
					"host": [
						"192",
						"168",
						"0",
						"4"
					],
					"port": "8080",
					"path": [
						"userapi",
						"addUser"
					]
				}
			},
			"response": []
		},
		{
			"name": "Do Shopping UserService",
			"request": {
				"method": "POST",
				"header": [
					{
						"key": "Content-Type",
						"value": "application/json",
						"type": "text"
					}
				],
				"body": {
					"mode": "raw",
					"raw": "{\n    \"userId\": 2016854883,\n    \"cartId\": 861189458\n}"
				},
				"url": {
					"raw": "http://192.168.0.4:8080/userapi/doShopping",
					"protocol": "http",
					"host": [
						"192",
						"168",
						"0",
						"4"
					],
					"port": "8080",
					"path": [
						"userapi",
						"doShopping"
					]
				}
			},
			"response": []
		},
		{
			"name": "UserService CheckProperties from Github Server",
			"request": {
				"method": "GET",
				"header": [
					{
						"key": "Content-Type",
						"value": "application/json",
						"type": "text"
					}
				],
				"url": {
					"raw": "http://192.168.0.4:8080/userapi/checkProperties",
					"protocol": "http",
					"host": [
						"192",
						"168",
						"0",
						"4"
					],
					"port": "8080",
					"path": [
						"userapi",
						"checkProperties"
					]
				}
			},
			"response": []
		},
		{
			"name": "User Service h2-console",
			"request": {
				"method": "GET",
				"header": [],
				"url": {
					"raw": "http://192.168.0.4:8080/userapi/h2-console",
					"protocol": "http",
					"host": [
						"192",
						"168",
						"0",
						"4"
					],
					"port": "8080",
					"path": [
						"userapi",
						"h2-console"
					]
				}
			},
			"response": []
		},
		{
			"name": "UserService AddToCart",
			"request": {
				"method": "POST",
				"header": [
					{
						"key": "Content-Type",
						"value": "application/json",
						"type": "text"
					}
				],
				"body": {
					"mode": "raw",
					"raw": "{\n    \"userId\": 2016854883\n}"
				},
				"url": {
					"raw": "http://192.168.0.4:8080/userapi/addToCart",
					"protocol": "http",
					"host": [
						"192",
						"168",
						"0",
						"4"
					],
					"port": "8080",
					"path": [
						"userapi",
						"addToCart"
					]
				}
			},
			"response": []
		},
		{
			"name": "UserService GetUserShoppingDetails",
			"request": {
				"method": "GET",
				"header": [
					{
						"key": "Content-Type",
						"value": "application/json",
						"type": "text"
					}
				],
				"url": {
					"raw": "http://192.168.0.4:8080/userapi/getUserShoppingDetails/2016854883",
					"protocol": "http",
					"host": [
						"192",
						"168",
						"0",
						"4"
					],
					"port": "8080",
					"path": [
						"userapi",
						"getUserShoppingDetails",
						"2016854883"
					]
				}
			},
			"response": []
		},
		{
			"name": "Hystrix DashBoard",
			"request": {
				"method": "GET",
				"header": [
					{
						"key": "Content-Type",
						"value": "application/json",
						"type": "text"
					}
				],
				"url": {
					"raw": "http://192.168.0.4:9094/hystrix",
					"protocol": "http",
					"host": [
						"192",
						"168",
						"0",
						"4"
					],
					"port": "9094",
					"path": [
						"hystrix"
					]
				}
			},
			"response": []
		},
		{
			"name": "CloudGateway Hystrix Stream(Pass this Url To Hystrix Dashboard)",
			"request": {
				"method": "GET",
				"header": [],
				"url": {
					"raw": "http://192.168.0.4:8080/actuator/hystrix.stream",
					"protocol": "http",
					"host": [
						"192",
						"168",
						"0",
						"4"
					],
					"port": "8080",
					"path": [
						"actuator",
						"hystrix.stream"
					]
				}
			},
			"response": []
		}
	]
}